URL,Từ khoá chính,Title,Số ký tự title,Meta description,Số ký tự meta,H1,Số ảnh
https://chanhair.vn/cat-toc-layer-ho-chi-minh/,cắt tóc layer,"Cắt Tóc Layer Nữ Đẹp TPHCM – Quận 10, Bình Thạnh | Chan Hair",60,"Cắt tóc layer nữ tại TP.HCM: layer dài, ngang vai, ngắn, mái bay, butterfly, hush cut, wolf cut. Stylist tư vấn theo khuôn mặt. Salon ở Quận 10 và Bình Thạnh.",158,Cắt tóc layer nữ đẹp tại TP.HCM – Chan Hair,0
https://chanhair.vn/toc-layer/,kiểu tóc layer,Các Kiểu Tóc Layer Nữ Đẹp 2026 – Ảnh Thật Tại Chan Hair,55,"Tổng hợp các kiểu tóc layer nữ đẹp 2026: layer dài Hàn Quốc, ngang vai, ngắn, mái bay, butterfly, hush cut, wolf cut. Ảnh khách thật và cách chọn kiểu hợp mặt.",159,Các kiểu tóc layer nữ đẹp 2026,0
https://chanhair.vn/toc-layer/layer-dai/,tóc layer dài,Tóc Layer Dài Hàn Quốc Đẹp 2026: Giữ Dài Mà Tóc Vẫn Nhẹ,55,"Tóc layer dài giữ được độ dài nhưng nhẹ, bồng và có chuyển động. Xem ảnh khách cắt tại Chan Hair TP.HCM, kiểu hợp tóc dày, tóc mỏng và cách chăm.",145,Tóc layer dài,0
https://chanhair.vn/toc-layer/layer-ngang-vai/,tóc layer ngang vai,Tóc Layer Ngang Vai Đẹp 2026 – Mẫu Thật Tại Chan Hair,53,"Tóc layer ngang vai (tóc lỡ layer) dễ hợp nhiều khuôn mặt, dễ buộc, dễ tạo kiểu. Xem ảnh khách cắt tại Chan Hair TP.HCM và cách chọn tầng hợp mặt.",146,Tóc layer ngang vai,0
https://chanhair.vn/toc-layer/layer-ngan/,tóc layer ngắn,"Tóc Layer Ngắn, Bob Layer Đẹp 2026 – Cắt Tại TP.HCM",51,"Tóc layer ngắn trẻ trung, dễ chăm: xem ảnh thật khách cắt tại Chan Hair, kiểu hợp mặt tròn, mặt dài, tóc mỏng và cách sấy tạo kiểu tại nhà.",139,Tóc layer ngắn,0
https://chanhair.vn/toc-layer/layer-mai-bay/,tóc layer mái bay,"Tóc Layer Mái Bay, Mái Thưa Đẹp 2026 | Chan Hair TP.HCM",55,"Tóc layer mái bay, mái thưa Hàn Quốc, mái rèm (curtain bangs) giúp gương mặt nhỏ và mềm hơn. Xem ảnh thật tại Chan Hair TP.HCM và cách chọn mái hợp mặt.",152,"Tóc layer mái bay, mái thưa",0
https://chanhair.vn/toc-layer/layer-uon/,tóc layer uốn,"Tóc Layer Uốn Cụp, Uốn Sóng Lơi Đẹp 2026 | Chan Hair",52,"Tóc layer uốn cụp, uốn sóng, uốn đuôi giữ nếp tầng cả ngày mà không cần sấy. Xem ảnh khách làm tại Chan Hair TP.HCM và cách chọn kiểu uốn hợp tóc.",146,"Tóc layer uốn cụp, uốn sóng lơi",0
https://chanhair.vn/toc-layer/butterfly-cut/,butterfly cut,Butterfly Cut (Tóc Bướm) Đẹp 2026 – Cắt Tại TP.HCM,50,"Butterfly cut (tóc bướm) là kiểu layer nhiều tầng, tầng ngắn ôm mặt, tầng dài giữ độ dài. Xem ảnh khách cắt tại Chan Hair TP.HCM và tóc nào hợp.",144,Butterfly cut – tóc layer bướm,0
https://chanhair.vn/toc-layer/hush-cut/,hush cut,Tóc Hush Cut Hàn Quốc Đẹp 2026 – Cắt Tại TP.HCM,47,"Hush cut là kiểu tóc layer Hàn Quốc tầng mỏng nhẹ, rơi tự nhiên, ôm khuôn mặt. Xem ảnh thật tại Chan Hair TP.HCM, hush cut ngắn, ngang vai, dài.",144,Tóc hush cut,0
https://chanhair.vn/toc-layer/wolf-cut/,wolf cut,Tóc Wolf Cut Nữ Đẹp 2026 – Cắt Wolf Cut Tại TP.HCM,50,"Tóc wolf cut nữ cá tính: nhiều tầng tỉa sắc, đỉnh bồng, đuôi mỏng. Xem ảnh khách cắt tại Chan Hair TP.HCM, wolf cut ngắn, dài và cách tạo kiểu.",143,Tóc wolf cut,0
https://chanhair.vn/toc-layer/layer-mat-tron/,tóc layer cho mặt tròn,Tóc Layer Cho Mặt Tròn: Cách Chọn Kiểu Giúp Mặt Thon Gọn,56,"Tóc layer cho mặt tròn: độ dài, vị trí tầng và kiểu mái giúp gương mặt thon gọn hơn. Ảnh thật khách mặt tròn cắt tại Chan Hair TP.HCM.",134,Tóc layer cho mặt tròn,0
https://chanhair.vn/toc-layer/layer-toc-mong/,tóc mỏng có nên cắt layer,Tóc Mỏng Có Nên Cắt Layer? Kiểu Layer Giúp Tóc Trông Dày,56,"Tóc mỏng có nên cắt layer? Có, nếu cắt ít tầng và giữ đuôi dày. Xem các kiểu layer cho tóc mỏng, tóc dày và ảnh khách thật tại Chan Hair TP.HCM.",144,Tóc mỏng có nên cắt layer?,0
https://chanhair.vn/toc-layer/hime-cut/,hime cut,"Tóc Hime Cut Đẹp 2026: Hợp Mặt Nào, Cắt Ở Đâu TP.HCM?",53,"Hime cut (tóc công chúa Nhật) với hai mái bên cắt ngang má, kết hợp layer để mềm hơn. Xem hime cut hợp mặt nào và ảnh khách cắt tại Chan Hair TP.HCM.",149,Tóc hime cut,0
